"0","library(Biostrings)
"
"2","Loading required package: BiocGenerics
"
"2","
Attaching package: ‘BiocGenerics’

"
"2","The following objects are masked from ‘package:stats’:

    IQR, mad, sd, var, xtabs

"
"2","The following objects are masked from ‘package:base’:

    anyDuplicated, aperm, append, as.data.frame, basename, cbind, colnames, dirname, do.call,
    duplicated, eval, evalq, Filter, Find, get, grep, grepl, intersect, is.unsorted, lapply, Map,
    mapply, match, mget, order, paste, pmax, pmax.int, pmin, pmin.int, Position, rank, rbind,
    Reduce, rownames, sapply, setdiff, sort, table, tapply, union, unique, unsplit, which.max,
    which.min

"
"2","Loading required package: S4Vectors
"
"2","Loading required package: stats4
"
"2","
Attaching package: ‘S4Vectors’

"
"2","The following objects are masked from ‘package:base’:

    expand.grid, I, unname

"
"2","Loading required package: IRanges
"
"2","Loading required package: XVector
"
"2","Loading required package: GenomeInfoDb
"
"2","
Attaching package: ‘Biostrings’

"
"2","The following object is masked from ‘package:base’:

    strsplit

"
"0","library(annotate)"
"2","Loading required package: AnnotationDbi
"
"2","Loading required package: Biobase
"
"2","Welcome to Bioconductor

    Vignettes contain introductory material; view with 'browseVignettes()'. To cite Bioconductor,
    see 'citation(""Biobase"")', and for packages 'citation(""pkgname"")'.

"
"2","Loading required package: XML
"
