"0","for (i in 1:nrow(data)) {
 print(paste(""Sequence ID:"", data$Name[i]))
 print(data$Sequence[i])}
"
"1","[1]"
"1"," ""Sequence ID: >HQ433692.1 Borrelia burgdorferi strain QLZP1 16S ribosomal RNA gene, partial sequence"""
"1","
"
"1","[1]"
"1"," ""AGCATGCAAGTCAAACGAGATGTAGCAATACATCTAGTGGCGAACGGGTGAGTAACGCGTGGATGATCTA\nCCTATGAGATGGGGATAACTATTAGAAATAGTAGCTAATACCGAATAAGGTCAATTAATTTGTTAATTGA\nTGAAAGGAAGCCTTTAAAGCTTCGCTTGTAGATGAGTCTGCGTCTTATTAGTTAGTTGGTAGGGTAAATG\nCCTACCAAGGCGATGATAAGTAACCGGCCTGAGAGGGTGAACGGTCACACTGGAACTGAGACACGGTCCA\nGACTCCTACGGGAGGCAGCAGCTAAGAATCTTCCGCAATGGGCGAAAGCCTGACGGAGCGACACTGCGTG\nAATGAAGAAGGTCGAAAGATTGTAAAATTCTTTTATAAATGAGGAATAAGCTTTGTAGGAAATGACGAAG\nTGATGACGTTAATTTATGAATAAGCCCCGGCTAATTACGTGCCAGCAGCCGCGGTAATACG"""
"1","
"
"1","[1]"
"1"," ""Sequence ID: >HQ433694.1 Borrelia burgdorferi strain CS4 16S ribosomal RNA gene, partial sequence"""
"1","
"
"1","[1]"
"1"," ""AGCATGCAAGTCAAACGGGATGTAGCAATACATTCAGTGGCGAACGGGTGAGTAACGCGTGGATGATCTA\nCCTATGAGATGGGGATAACTATTAGAAATAGTAGCTAATACCGAATAAGGTCAGTTAATTTGTTAATTGA\nTGAAAGGAAGCCTTTAAAGCTTCGCTTGTAGATGAGTCTGCGTCTTATTAGCTAGTTGGTAGGGTAAATG\nCCTACCAAGGCAATGATAAGTAACCGGCCTGAGAGGGTGAACGGTCACACTGGAACTGAGATACGGTCCA\nGACTCCTACGGGAGGCAGCAGCTAAGAATCTTCCGCAATGGGCGAAAGCCTGACGGAGCGACACTGCGTG\nAATGAAGAAGGTCGAAAGATTGTAAAATTCTTTTATAAATGAGGAATAAGCTTTGTAGGAAATGACAAAG\nTGATGACGTTAATTTATGAATAAGCCCCGGCTAATTACGTGCCAGCAGCAGCGGTAATACG"""
"1","
"
"1","[1]"
"1"," ""Sequence ID: >HQ433691.1 Borrelia burgdorferi strain GL18 16S ribosomal RNA gene, partial sequence"""
"1","
"
"1","[1]"
"1"," ""AGCATGCAAGTCAAACGAGATGTAGTAATACATCTAGTGGCGAACGGGTGAGTAACGCGTGGATGATCTA\nCCTATGAGATGGGGATAACTATTAGAAATAGTAGCTAATACCGAATAAGGTCAATTAATTTGTTAATTGA\nTGAAAGGAAGCCTTTAAAGCTTCGCTTGTAGATGAGTCTGCGTCTTATTAGTTAGTTGGTAGGGTAAATG\nCCTACCAAGGCGATGATAAGTAACCGGCCTGAGAGGGTGAACGGTCACACTGGAACTGAGACACGGTCCA\nGACTCCTACGGGAGGCAGCAGCTAAGAATCTTCCGCAATGGGCGAAAGCCTGACGGAGCGACACTGCGTG\nAATGAAGAAGGTCGAAAGATTGTAAAATTCTTTTATAAATGAGGAATAAGCTTTGTAGGAAATGACGAAG\nTGATGACGTTAATTTATGAATAAGCCCCGGCTAATTACGTGCCAGCAGCCGCGGTAATACG"""
"1","
"
